Team,SRS,Arena,Attend.,Attend./G,season,team_nickname
Golden State Warriors,10.01,Oracle Arena,803436.0,19596.0,2015,Warriors
Los Angeles Clippers,6.8,STAPLES Center,785892.0,19168.0,2015,Clippers
San Antonio Spurs,6.34,AT&T Center,762855.0,18606.0,2015,Spurs
Atlanta Hawks,4.75,Philips Arena,713909.0,17412.0,2015,Hawks
Cleveland Cavaliers,4.08,Quicken Loans Arena,843042.0,20562.0,2015,Cavaliers
Portland Trail Blazers,4.41,Moda Center,798368.0,19472.0,2015,Trail Blazers
Houston Rockets,3.82,Toyota Center,747412.0,18230.0,2015,Rockets
Memphis Grizzlies,3.62,FedEx Forum,710502.0,17329.0,2015,Grizzlies
Toronto Raptors,2.45,Air Canada Centre,809824.0,19752.0,2015,Raptors
Chicago Bulls,2.54,United Center,886612.0,21625.0,2015,Bulls
Dallas Mavericks,3.36,American Airlines Center,827702.0,20188.0,2015,Mavericks
Oklahoma City Thunder,2.47,Chesapeake Energy Arena,746323.0,18203.0,2015,Thunder
New Orleans Pelicans,1.13,Smoothie King Center,683757.0,16677.0,2015,Pelicans
Washington Wizards,0.17,Verizon Center,747796.0,18239.0,2015,Wizards
Milwaukee Bucks,-0.09,BMO Harris Bradley Center,593910.0,14813.0,2015,Bucks
Indiana Pacers,-0.23,Bankers Life Fieldhouse,691434.0,16864.0,2015,Pacers
Utah Jazz,0.71,EnergySolutions Arena,772059.0,18831.0,2015,Jazz
Boston Celtics,-0.4,TD Garden,721350.0,17594.0,2015,Celtics
Phoenix Suns,-0.38,US Airways Center,693862.0,16923.0,2015,Suns
Detroit Pistons,-1.39,The Palace of Auburn Hills,625917.0,15266.0,2015,Pistons
Miami Heat,-2.92,AmericanAirlines Arena,808223.0,19713.0,2015,Heat
Brooklyn Nets,-3.13,Barclays Center,698529.0,17037.0,2015,Nets
Charlotte Hornets,-3.44,Time Warner Cable Arena,704886.0,17192.0,2015,Hornets
Denver Nuggets,-3.07,Pepsi Center,602707.0,14700.0,2015,Nuggets
Sacramento Kings,-3.07,Sleep Train Arena,680049.0,16587.0,2015,Kings
Orlando Magic,-5.87,Amway Center,688194.0,16785.0,2015,Magic
Los Angeles Lakers,-6.17,STAPLES Center,768244.0,18738.0,2015,Lakers
Minnesota Timberwolves,-8.0,Target Center,595652.0,14416.0,2015,Timberwolves
Philadelphia 76ers,-9.04,Wells Fargo Center,571572.0,13941.0,2015,76ers
New York Knicks,-9.5,Madison Square Garden (IV),812292.0,19812.0,2015,Knicks
San Antonio Spurs,10.28,AT&T Center,756445.0,18450.0,2016,Spurs
Golden State Warriors,10.38,Oracle Arena,803436.0,19596.0,2016,Warriors
Oklahoma City Thunder,7.09,Chesapeake Energy Arena,746323.0,18203.0,2016,Thunder
Cleveland Cavaliers,5.45,Quicken Loans Arena,843042.0,20562.0,2016,Cavaliers
Toronto Raptors,4.08,Air Canada Centre,812863.0,19826.0,2016,Raptors
Los Angeles Clippers,4.13,STAPLES Center,786910.0,19193.0,2016,Clippers
Atlanta Hawks,3.49,Philips Arena,690150.0,16833.0,2016,Hawks
Boston Celtics,2.84,TD Garden,749076.0,18270.0,2016,Celtics
Charlotte Hornets,2.36,Time Warner Cable Arena,716894.0,17485.0,2016,Hornets
Utah Jazz,1.84,Vivint Smart Home Arena,791489.0,19305.0,2016,Jazz
Miami Heat,1.5,AmericanAirlines Arena,809350.0,19740.0,2016,Heat
Indiana Pacers,1.62,Bankers Life Fieldhouse,690733.0,16847.0,2016,Pacers
Portland Trail Blazers,0.98,Moda Center,794085.0,19368.0,2016,Trail Blazers
Detroit Pistons,0.43,The Palace of Auburn Hills,677138.0,16516.0,2016,Pistons
Houston Rockets,0.34,Toyota Center,737244.0,17982.0,2016,Rockets
Dallas Mavericks,-0.02,American Airlines Center,825901.0,20144.0,2016,Mavericks
Washington Wizards,-0.5,Verizon Center,725426.0,17693.0,2016,Wizards
Chicago Bulls,-1.46,United Center,894659.0,21821.0,2016,Bulls
Orlando Magic,-1.68,Amway Center,719275.0,17515.0,2016,Magic
Sacramento Kings,-2.32,Sleep Train Arena,707526.0,17222.0,2016,Kings
Memphis Grizzlies,-2.14,FedEx Forum,701894.0,17119.0,2016,Grizzlies
New York Knicks,-2.74,Madison Square Garden (IV),812292.0,19812.0,2016,Knicks
Denver Nuggets,-2.81,Pepsi Center,577898.0,14095.0,2016,Nuggets
Minnesota Timberwolves,-3.38,Target Center,581178.0,14175.0,2016,Timberwolves
New Orleans Pelicans,-3.56,Smoothie King Center,688549.0,16794.0,2016,Pelicans
Milwaukee Bucks,-3.98,BMO Harris Bradley Center,621808.0,15166.0,2016,Bucks
Phoenix Suns,-6.32,Talking Stick Resort Arena,701405.0,17107.0,2016,Suns
Brooklyn Nets,-7.12,Barclays Center,620142.0,15125.0,2016,Nets
Los Angeles Lakers,-8.92,STAPLES Center,778877.0,18997.0,2016,Lakers
Philadelphia 76ers,-9.92,Wells Fargo Center,614650.0,14991.0,2016,76ers
Golden State Warriors,11.35,Oracle Arena,803436.0,19596.0,2017,Warriors
San Antonio Spurs,7.13,AT&T Center,755347.0,18423.0,2017,Spurs
Houston Rockets,5.84,Toyota Center,695903.0,16973.0,2017,Rockets
Toronto Raptors,3.65,Air Canada Centre,813050.0,19830.0,2017,Raptors
Los Angeles Clippers,4.42,STAPLES Center,782609.0,19088.0,2017,Clippers
Utah Jazz,4.0,Vivint Smart Home Arena,806142.0,19662.0,2017,Jazz
Cleveland Cavaliers,2.87,Quicken Loans Arena,843042.0,20562.0,2017,Cavaliers
Boston Celtics,2.25,TD Garden,760690.0,18553.0,2017,Celtics
Washington Wizards,1.36,Verizon Center,697107.0,17003.0,2017,Wizards
Miami Heat,0.77,AmericanAirlines Arena,805400.0,19644.0,2017,Heat
Oklahoma City Thunder,1.14,Chesapeake Energy Arena,746323.0,18203.0,2017,Thunder
Memphis Grizzlies,0.96,FedEx Forum,677314.0,16520.0,2017,Grizzlies
Denver Nuggets,0.7,Pepsi Center,605585.0,14672.0,2017,Nuggets
Chicago Bulls,0.03,United Center,888882.0,21680.0,2017,Bulls
Charlotte Hornets,-0.07,Spectrum Center,710643.0,17333.0,2017,Hornets
Indiana Pacers,-0.64,Bankers Life Fieldhouse,684578.0,16697.0,2017,Pacers
Milwaukee Bucks,-0.45,BMO Harris Bradley Center,648952.0,15828.0,2017,Bucks
Portland Trail Blazers,-0.23,Moda Center,792029.0,19318.0,2017,Trail Blazers
Atlanta Hawks,-1.23,Philips Arena,654306.0,15959.0,2017,Hawks
Detroit Pistons,-1.29,The Palace of Auburn Hills,655141.0,15979.0,2017,Pistons
Minnesota Timberwolves,-0.64,Target Center,607203.0,14810.0,2017,Timberwolves
New Orleans Pelicans,-1.69,Smoothie King Center,663099.0,16173.0,2017,Pelicans
Dallas Mavericks,-2.53,American Airlines Center,811366.0,19789.0,2017,Mavericks
New York Knicks,-3.87,Madison Square Garden (IV),810741.0,19774.0,2017,Knicks
Sacramento Kings,-3.29,Golden 1 Center,721928.0,17608.0,2017,Kings
Phoenix Suns,-5.14,Talking Stick Resort Arena,708639.0,17134.0,2017,Suns
Philadelphia 76ers,-5.83,Wells Fargo Center,710557.0,17331.0,2017,76ers
Brooklyn Nets,-6.74,Barclays Center,632608.0,15429.0,2017,Nets
Orlando Magic,-6.61,Amway Center,727875.0,17753.0,2017,Magic
Los Angeles Lakers,-6.29,STAPLES Center,776917.0,18949.0,2017,Lakers
Houston Rockets,8.21,Toyota Center,732722.0,17871.0,2018,Rockets
Toronto Raptors,7.29,Air Canada Centre,813431.0,19840.0,2018,Raptors
Golden State Warriors,5.79,Oracle Arena,803436.0,19596.0,2018,Warriors
Utah Jazz,4.47,Vivint Smart Home Arena,734806.0,17922.0,2018,Jazz
Philadelphia 76ers,4.3,Wells Fargo Center,833503.0,20361.0,2018,76ers
Boston Celtics,3.23,TD Garden,763584.0,18624.0,2018,Celtics
Oklahoma City Thunder,3.42,Chesapeake Energy Arena,746322.0,18203.0,2018,Thunder
San Antonio Spurs,2.89,AT&T Center,754562.0,18404.0,2018,Spurs
Portland Trail Blazers,2.6,Moda Center,795750.0,19409.0,2018,Trail Blazers
Minnesota Timberwolves,2.35,Target Center,699308.0,17056.0,2018,Timberwolves
Denver Nuggets,1.57,Pepsi Center,702796.0,17141.0,2018,Nuggets
Indiana Pacers,1.18,Bankers Life Fieldhouse,658119.0,16052.0,2018,Pacers
New Orleans Pelicans,1.48,Smoothie King Center,673920.0,16437.0,2018,Pelicans
Cleveland Cavaliers,0.59,Quicken Loans Arena,843042.0,20562.0,2018,Cavaliers
Washington Wizards,0.53,Capital One Arena,739302.0,18032.0,2018,Wizards
Miami Heat,0.15,AmericanAirlines Arena,804850.0,19630.0,2018,Heat
Charlotte Hornets,0.07,Spectrum Center,671404.0,16376.0,2018,Hornets
Los Angeles Clippers,0.15,STAPLES Center,697812.0,17020.0,2018,Clippers
Detroit Pistons,-0.26,Little Caesars Arena,713945.0,17413.0,2018,Pistons
Milwaukee Bucks,-0.45,BMO Harris Bradley Center,685303.0,16856.0,2018,Bucks
Los Angeles Lakers,-1.44,STAPLES Center,776327.0,18935.0,2018,Lakers
Dallas Mavericks,-2.7,American Airlines Center,811453.0,19792.0,2018,Mavericks
New York Knicks,-3.53,Madison Square Garden (IV),792608.0,19332.0,2018,Knicks
Brooklyn Nets,-3.67,Barclays Center,640010.0,15376.0,2018,Nets
Orlando Magic,-4.92,Amway Center,734531.0,17915.0,2018,Magic
Atlanta Hawks,-5.3,Philips Arena,590769.0,14409.0,2018,Hawks
Memphis Grizzlies,-5.81,FedEx Forum,653863.0,15948.0,2018,Grizzlies
Chicago Bulls,-6.84,United Center,851824.0,20776.0,2018,Bulls
Sacramento Kings,-6.6,Golden 1 Center,714680.0,17431.0,2018,Kings
Phoenix Suns,-8.8,Talking Stick Resort Arena,690576.0,16843.0,2018,Suns
Milwaukee Bucks,8.04,Fiserv Forum,721692.0,17602.0,2019,Bucks
Golden State Warriors,6.42,Oracle Arena,803436.0,19596.0,2019,Warriors
Toronto Raptors,5.49,Scotiabank Arena,812822.0,19825.0,2019,Raptors
Utah Jazz,5.28,Vivint Smart Home Arena,750546.0,18306.0,2019,Jazz
Houston Rockets,4.96,Toyota Center,740392.0,18058.0,2019,Rockets
Boston Celtics,3.9,TD Garden,763584.0,18624.0,2019,Celtics
Portland Trail Blazers,4.43,Moda Center,799345.0,19496.0,2019,Trail Blazers
Denver Nuggets,4.19,Pepsi Center,756457.0,18450.0,2019,Nuggets
Indiana Pacers,2.76,Bankers Life Fieldhouse,689310.0,16812.0,2019,Pacers
Oklahoma City Thunder,3.56,Chesapeake Energy Arena,746323.0,18203.0,2019,Thunder
Philadelphia 76ers,2.25,Wells Fargo Center,838342.0,20447.0,2019,76ers
San Antonio Spurs,1.8,AT&T Center,750616.0,18308.0,2019,Spurs
Los Angeles Clippers,1.09,STAPLES Center,710327.0,17325.0,2019,Clippers
Orlando Magic,0.28,Amway Center,720024.0,17431.0,2019,Magic
Brooklyn Nets,-0.4,Barclays Center,612597.0,14941.0,2019,Nets
Detroit Pistons,-0.56,Little Caesars Arena,675963.0,16487.0,2019,Pistons
Miami Heat,-0.45,AmericanAirlines Arena,805264.0,19641.0,2019,Heat
Sacramento Kings,-0.81,Golden 1 Center,700975.0,17097.0,2019,Kings
Charlotte Hornets,-1.32,Spectrum Center,676570.0,16502.0,2019,Hornets
New Orleans Pelicans,-1.1,Smoothie King Center,656183.0,16004.0,2019,Pelicans
Dallas Mavericks,-0.87,American Airlines Center,820569.0,20014.0,2019,Mavericks
Minnesota Timberwolves,-1.02,Target Center,627543.0,15306.0,2019,Timberwolves
Los Angeles Lakers,-1.33,STAPLES Center,778877.0,18997.0,2019,Lakers
Memphis Grizzlies,-2.08,FedEx Forum,638332.0,15569.0,2019,Grizzlies
Washington Wizards,-3.3,Capital One Arena,716996.0,17448.0,2019,Wizards
Atlanta Hawks,-6.06,State Farm Arena,628440.0,15328.0,2019,Hawks
Chicago Bulls,-8.32,United Center,823475.0,20085.0,2019,Bulls
New York Knicks,-8.93,Madison Square Garden (IV),779087.0,19002.0,2019,Knicks
Phoenix Suns,-8.61,Talking Stick Resort Arena,627023.0,15293.0,2019,Suns
Cleveland Cavaliers,-9.39,Quicken Loans Arena,793337.0,19350.0,2019,Cavaliers
Milwaukee Bucks,9.41,Fiserv Forum,549036.0,17711.0,2020,Bucks
Boston Celtics,5.83,TD Garden,610864.0,19090.0,2020,Celtics
Los Angeles Clippers,6.66,STAPLES Center,610176.0,19068.0,2020,Clippers
Toronto Raptors,5.97,Scotiabank Arena,633456.0,19796.0,2020,Raptors
Los Angeles Lakers,6.28,STAPLES Center,588907.0,18997.0,2020,Lakers
Dallas Mavericks,4.87,American Airlines Center,682096.0,20062.0,2020,Mavericks
Miami Heat,2.59,AmericanAirlines Arena,629771.0,19680.0,2020,Heat
Houston Rockets,3.13,Toyota Center,578458.0,18077.0,2020,Rockets
Utah Jazz,2.52,Vivint Smart Home Arena,567486.0,18306.0,2020,Jazz
Philadelphia 76ers,2.25,Wells Fargo Center,639491.0,20629.0,2020,76ers
Denver Nuggets,2.35,Pepsi Center,633153.0,19186.0,2020,Nuggets
Indiana Pacers,1.63,Bankers Life Fieldhouse,529002.0,16531.0,2020,Pacers
Oklahoma City Thunder,2.33,Chesapeake Energy Arena,600699.0,18203.0,2020,Thunder
Phoenix Suns,0.56,Talking Stick Resort Arena,550633.0,15606.0,2020,Suns
Brooklyn Nets,-1.01,Barclays Center,524907.0,16403.0,2020,Nets
Orlando Magic,-0.93,Amway Center,529870.0,17093.0,2020,Magic
San Antonio Spurs,-0.65,AT&T Center,550515.0,18351.0,2020,Spurs
Memphis Grizzlies,-0.91,FedEx Forum,523297.0,15857.0,2020,Grizzlies
Portland Trail Blazers,-0.61,Moda Center,628303.0,19634.0,2020,Trail Blazers
New Orleans Pelicans,-0.55,Smoothie King Center,528172.0,16505.0,2020,Pelicans
Sacramento Kings,-1.59,Golden 1 Center,520663.0,16796.0,2020,Kings
Chicago Bulls,-4.0,United Center,639352.0,18804.0,2020,Bulls
Detroit Pistons,-4.38,Little Caesars Arena,509469.0,15294.0,2020,Pistons
Minnesota Timberwolves,-4.02,Target Center,482112.0,15066.0,2020,Timberwolves
Washington Wizards,-5.24,Capital One Arena,532702.0,16647.0,2020,Wizards
New York Knicks,-6.72,Madison Square Garden (IV),620789.0,18812.0,2020,Knicks
Charlotte Hornets,-7.03,Spectrum Center,478591.0,15428.0,2020,Hornets
Atlanta Hawks,-7.71,State Farm Arena,545453.0,16043.0,2020,Hawks
Cleveland Cavaliers,-7.77,Rocket Mortgage Fieldhouse,643008.0,17861.0,2020,Cavaliers
Golden State Warriors,-8.12,Chase Center,614176.0,18064.0,2020,Warriors
Utah Jazz,8.97,Vivint Smart Home Arena,151300.0,4203.0,2021,Jazz
Los Angeles Clippers,6.02,STAPLES Center,13901.0,386.0,2021,Clippers
Phoenix Suns,5.67,Phoenix Suns Arena,104027.0,2890.0,2021,Suns
Milwaukee Bucks,5.57,Fiserv Forum,64780.0,1799.0,2021,Bucks
Philadelphia 76ers,5.28,Wells Fargo Center,68583.0,1905.0,2021,76ers
Denver Nuggets,4.82,Ball Arena,54563.0,1516.0,2021,Nuggets
Brooklyn Nets,4.24,Barclays Center,30491.0,847.0,2021,Nets
Los Angeles Lakers,2.77,STAPLES Center,23313.0,648.0,2021,Lakers
Dallas Mavericks,2.26,American Airlines Center,94849.0,2635.0,2021,Mavericks
New York Knicks,2.13,Madison Square Garden (IV),42131.0,1170.0,2021,Knicks
Atlanta Hawks,2.14,State Farm Arena,59288.0,1647.0,2021,Hawks
Portland Trail Blazers,1.81,Moda Center,5817.0,162.0,2021,Trail Blazers
Boston Celtics,1.32,TD Garden,30067.0,835.0,2021,Celtics
Golden State Warriors,1.1,Chase Center,33457.0,929.0,2021,Warriors
Memphis Grizzlies,1.07,FedEx Forum,61449.0,1707.0,2021,Grizzlies
Miami Heat,-0.06,AmericanAirlines Arena,,,2021,Heat
Indiana Pacers,-0.13,Bankers Life Fieldhouse,,,2021,Pacers
New Orleans Pelicans,-0.2,Smoothie King Center,93120.0,2587.0,2021,Pelicans
Toronto Raptors,-0.54,Amalie Arena,26024.0,723.0,2021,Raptors
Chicago Bulls,-0.94,United Center,13655.0,379.0,2021,Bulls
San Antonio Spurs,-1.58,AT&T Center,61053.0,1696.0,2021,Spurs
Washington Wizards,-1.85,Capital One Arena,19198.0,533.0,2021,Wizards
Charlotte Hornets,-1.94,Spectrum Center,68255.0,1896.0,2021,Hornets
Sacramento Kings,-3.45,Golden 1 Center,,,2021,Kings
Detroit Pistons,-4.38,Little Caesars Arena,14250.0,396.0,2021,Pistons
Minnesota Timberwolves,-5.25,Target Center,15774.0,438.0,2021,Timberwolves
Houston Rockets,-7.5,Toyota Center,117009.0,3250.0,2021,Rockets
Cleveland Cavaliers,-8.19,Rocket Mortgage Fieldhouse,91476.0,2541.0,2021,Cavaliers
Orlando Magic,-9.02,Amway Center,126463.0,3513.0,2021,Magic
Oklahoma City Thunder,-10.13,Chesapeake Energy Arena,,,2021,Thunder
Boston Celtics,7.02,TD Garden,785396.0,19156.0,2022,Celtics
Phoenix Suns,6.94,Phoenix Suns Arena,663171.0,16175.0,2022,Suns
Utah Jazz,5.67,Vivint Smart Home Arena,750546.0,18306.0,2022,Jazz
Memphis Grizzlies,5.37,FedEx Forum,646785.0,15775.0,2022,Grizzlies
Golden State Warriors,5.52,Chase Center,740624.0,18064.0,2022,Warriors
Miami Heat,4.23,FTX Arena,804761.0,19628.0,2022,Heat
Dallas Mavericks,3.12,American Airlines Center,808037.0,19708.0,2022,Mavericks
Milwaukee Bucks,3.22,Fiserv Forum,715581.0,17453.0,2022,Bucks
Philadelphia 76ers,2.57,Wells Fargo Center,846867.0,20655.0,2022,76ers
Minnesota Timberwolves,2.53,Target Center,657148.0,16028.0,2022,Timberwolves
Denver Nuggets,2.16,Ball Arena,695262.0,16958.0,2022,Nuggets
Toronto Raptors,2.38,Scotiabank Arena,547343.0,13350.0,2022,Raptors
Cleveland Cavaliers,2.04,Rocket Mortgage Fieldhouse,758228.0,18493.0,2022,Cavaliers
Atlanta Hawks,1.55,State Farm Arena,672742.0,16408.0,2022,Hawks
Brooklyn Nets,0.82,Barclays Center,711539.0,17355.0,2022,Nets
Charlotte Hornets,0.53,Spectrum Center,700755.0,17092.0,2022,Hornets
San Antonio Spurs,0.02,AT&T Center,615588.0,15014.0,2022,Spurs
Los Angeles Clippers,0.09,Crypto.com Arena,694005.0,16927.0,2022,Clippers
New York Knicks,-0.01,Madison Square Garden (IV),763484.0,18622.0,2022,Knicks
Chicago Bulls,-0.38,United Center,856148.0,20882.0,2022,Bulls
New Orleans Pelicans,-0.84,Smoothie King Center,635941.0,15511.0,2022,Pelicans
Los Angeles Lakers,-3.08,Crypto.com Arena,764631.0,18650.0,2022,Lakers
Washington Wizards,-3.23,Capital One Arena,637215.0,15542.0,2022,Wizards
Indiana Pacers,-3.26,Gainbridge Fieldhouse,588743.0,14360.0,2022,Pacers
Sacramento Kings,-5.26,Golden 1 Center,577583.0,14087.0,2022,Kings
Detroit Pistons,-7.36,Little Caesars Arena,663556.0,16184.0,2022,Pistons
Orlando Magic,-7.67,Amway Center,622881.0,15192.0,2022,Magic
Oklahoma City Thunder,-7.9,Paycom Center,595112.0,14515.0,2022,Thunder
Houston Rockets,-8.26,Toyota Center,638977.0,15585.0,2022,Rockets
Portland Trail Blazers,-8.55,Moda Center,705608.0,17210.0,2022,Trail Blazers
Boston Celtics,6.38,TD Garden,785396.0,19156.0,2023,Celtics
Cleveland Cavaliers,5.23,Rocket Mortgage Fieldhouse,777280.0,18958.0,2023,Cavaliers
Philadelphia 76ers,4.37,Wells Fargo Center,839261.0,20470.0,2023,76ers
Memphis Grizzlies,3.6,FedEx Forum,707836.0,17264.0,2023,Grizzlies
Milwaukee Bucks,3.61,Fiserv Forum,718786.0,17531.0,2023,Bucks
Denver Nuggets,3.04,Ball Arena,788635.0,19235.0,2023,Nuggets
New York Knicks,2.99,Madison Square Garden (IV),795110.0,19393.0,2023,Knicks
Sacramento Kings,2.3,Golden 1 Center,715491.0,17451.0,2023,Kings
Phoenix Suns,2.08,Footprint Center,699911.0,17071.0,2023,Suns
New Orleans Pelicans,1.63,Smoothie King Center,687691.0,16773.0,2023,Pelicans
Golden State Warriors,1.66,Chase Center,740624.0,18064.0,2023,Warriors
Toronto Raptors,1.59,Scotiabank Arena,811261.0,19787.0,2023,Raptors
Chicago Bulls,1.37,United Center,841632.0,20528.0,2023,Bulls
Oklahoma City Thunder,0.96,Paycom Center,636903.0,15534.0,2023,Thunder
Brooklyn Nets,1.03,Barclays Center,724439.0,17669.0,2023,Nets
Los Angeles Lakers,0.43,Crypto.com Arena,763168.0,18614.0,2023,Lakers
Los Angeles Clippers,0.31,Crypto.com Arena,720543.0,17574.0,2023,Clippers
Atlanta Hawks,0.32,State Farm Arena,719787.0,17556.0,2023,Hawks
Dallas Mavericks,-0.14,American Airlines Center,827282.0,20178.0,2023,Mavericks
Minnesota Timberwolves,-0.22,Target Center,687510.0,16769.0,2023,Timberwolves
Miami Heat,-0.13,Kaseya Center,807190.0,19688.0,2023,Heat
Utah Jazz,-1.03,Vivint Arena,728240.0,17762.0,2023,Jazz
Washington Wizards,-1.06,Capital One Arena,710481.0,17329.0,2023,Wizards
Orlando Magic,-2.39,Amway Center,728405.0,17766.0,2023,Magic
Indiana Pacers,-2.91,Gainbridge Fieldhouse,641562.0,15648.0,2023,Pacers
Portland Trail Blazers,-3.96,Moda Center,767374.0,18716.0,2023,Trail Blazers
Charlotte Hornets,-5.89,Spectrum Center,702052.0,17123.0,2023,Hornets
Houston Rockets,-7.62,Toyota Center,668865.0,16314.0,2023,Rockets
Detroit Pistons,-7.73,Little Caesars Arena,759715.0,18596.0,2023,Pistons
San Antonio Spurs,-9.82,AT&T Center,694434.0,15508.0,2023,Spurs
Boston Celtics,10.75,TD Garden,785396.0,19156.0,2024,Celtics
Oklahoma City Thunder,7.36,Paycom Center,715509.0,17451.0,2024,Thunder
Minnesota Timberwolves,6.39,Target Center,738984.0,18024.0,2024,Timberwolves
Denver Nuggets,5.23,Ball Arena,807062.0,19684.0,2024,Nuggets
New York Knicks,4.36,Madison Square Garden (IV),808885.0,19729.0,2024,Knicks
New Orleans Pelicans,4.46,Smoothie King Center,692054.0,17301.0,2024,Pelicans
Los Angeles Clippers,3.41,Crypto.com Arena,776782.0,18946.0,2024,Clippers
Philadelphia 76ers,2.51,Wells Fargo Center,821714.0,20042.0,2024,76ers
Phoenix Suns,3.08,Footprint Center,699911.0,17071.0,2024,Suns
Indiana Pacers,2.75,Gainbridge Fieldhouse,677554.0,16526.0,2024,Pacers
Golden State Warriors,2.77,Chase Center,740624.0,18064.0,2024,Warriors
Milwaukee Bucks,2.44,Fiserv Forum,740850.0,17659.0,2024,Bucks
Cleveland Cavaliers,1.98,Rocket Mortgage Fieldhouse,793167.0,19432.0,2024,Cavaliers
Dallas Mavericks,2.3,American Airlines Center,828897.0,20217.0,2024,Mavericks
Orlando Magic,1.48,Kia Center,773939.0,18849.0,2024,Magic
Miami Heat,1.1,Kaseya Center,809743.0,19750.0,2024,Heat
Sacramento Kings,2.29,Golden 1 Center,735015.0,17927.0,2024,Kings
Houston Rockets,1.24,Toyota Center,720045.0,17562.0,2024,Rockets
Los Angeles Lakers,1.07,Crypto.com Arena,793945.0,18925.0,2024,Lakers
Chicago Bulls,-1.77,United Center,845620.0,20625.0,2024,Bulls
Atlanta Hawks,-2.38,State Farm Arena,696418.0,16986.0,2024,Hawks
Brooklyn Nets,-3.02,Barclays Center,720291.0,17568.0,2024,Nets
Utah Jazz,-4.22,Delta Center,746446.0,18206.0,2024,Jazz
San Antonio Spurs,-5.8,Frost Bank Center,742522.0,18211.0,2024,Spurs
Toronto Raptors,-6.45,Scotiabank Arena,800129.0,19515.0,2024,Raptors
Memphis Grizzlies,-6.57,FedEx Forum,681875.0,16631.0,2024,Grizzlies
Detroit Pistons,-9.06,Little Caesars Arena,726378.0,18159.0,2024,Pistons
Washington Wizards,-9.29,Capital One Arena,692851.0,16899.0,2024,Wizards
Portland Trail Blazers,-8.29,Moda Center,751395.0,18327.0,2024,Trail Blazers
Charlotte Hornets,-10.12,Spectrum Center,674400.0,16449.0,2024,Hornets
Oklahoma City Thunder,12.7,Paycom Center,754832.0,17973.0,2025,Thunder
Boston Celtics,8.28,TD Garden,785396.0,19156.0,2025,Celtics
Cleveland Cavaliers,8.81,Rocket Arena,796712.0,19432.0,2025,Cavaliers
Minnesota Timberwolves,5.15,Target Center,772249.0,18835.0,2025,Timberwolves
Los Angeles Clippers,4.84,Intuit Dome,679593.0,16575.0,2025,Clippers
Memphis Grizzlies,4.79,FedEx Forum,683067.0,16660.0,2025,Grizzlies
Houston Rockets,4.97,Toyota Center,716853.0,17484.0,2025,Rockets
New York Knicks,3.59,Madison Square Garden (IV),811794.0,19800.0,2025,Knicks
Denver Nuggets,3.97,Ball Arena,811211.0,19786.0,2025,Nuggets
Golden State Warriors,3.56,Chase Center,740624.0,18064.0,2025,Warriors
Milwaukee Bucks,2.12,Fiserv Forum,732014.0,17437.0,2025,Bucks
Indiana Pacers,1.68,Gainbridge Fieldhouse,685434.0,16737.0,2025,Pacers
Detroit Pistons,1.73,Little Caesars Arena,781929.0,19071.0,2025,Pistons
Los Angeles Lakers,1.45,Crypto.com Arena,767626.0,18723.0,2025,Lakers
Miami Heat,0.11,Kaseya Center,808337.0,19716.0,2025,Heat
Sacramento Kings,0.58,Golden 1 Center,696409.0,16986.0,2025,Kings
Orlando Magic,-0.7,Kia Center,762121.0,18588.0,2025,Magic
Atlanta Hawks,-1.41,State Farm Arena,657613.0,16440.0,2025,Hawks
Dallas Mavericks,-0.74,American Airlines Center,803174.0,20079.0,2025,Mavericks
Chicago Bulls,-1.83,United Center,825659.0,20138.0,2025,Bulls
San Antonio Spurs,-2.45,Frost Bank Center,731474.0,17976.0,2025,Spurs
Portland Trail Blazers,-2.67,Moda Center,719369.0,17546.0,2025,Trail Blazers
Phoenix Suns,-2.55,Footprint Center,699911.0,17071.0,2025,Suns
Toronto Raptors,-4.4,Scotiabank Arena,768573.0,18746.0,2025,Raptors
Philadelphia 76ers,-6.29,Wells Fargo Center,813621.0,19844.0,2025,76ers
Brooklyn Nets,-6.95,Barclays Center,713304.0,17398.0,2025,Nets
Utah Jazz,-8.51,Delta Center,745175.0,18175.0,2025,Jazz
Charlotte Hornets,-9.1,Spectrum Center,703935.0,17169.0,2025,Hornets
New Orleans Pelicans,-8.59,Smoothie King Center,689400.0,16815.0,2025,Pelicans
Washington Wizards,-12.14,Capital One Arena,663691.0,16084.0,2025,Wizards
